{
  "main": {
    "id": "b0ee530c028f11ac",
    "type": "split",
    "children": [
      {
        "id": "a7a3a40684bb3357",
        "type": "tabs",
        "children": [
          {
            "id": "0c4e7c26f47f7d55",
            "type": "leaf",
            "state": {
              "type": "markdown",
              "state": {
                "file": "00 Projects/Essay Camp/Essay Camp Info.md",
                "mode": "source",
                "source": false
              }
            }
          }
        ]
      }
    ],
    "direction": "vertical"
  },
  "left": {
    "id": "f5d8bd5f0d3e3d88",
    "type": "split",
    "children": [
      {
        "id": "c247a5f2b82740bf",
        "type": "tabs",
        "children": [
          {
            "id": "f56d171198a38d59",
            "type": "leaf",
            "state": {
              "type": "file-explorer",
              "state": {
                "sortOrder": "alphabetical"
              }
            }
          },
          {
            "id": "dd6017e15fc4151b",
            "type": "leaf",
            "state": {
              "type": "search",
              "state": {
                "query": "",
                "matchingCase": false,
                "explainSearch": false,
                "collapseAll": false,
                "extraContext": false,
                "sortOrder": "alphabetical"
              }
            }
          },
          {
            "id": "8b0c6f4fc6d7b31d",
            "type": "leaf",
            "state": {
              "type": "bookmarks",
              "state": {}
            }
          }
        ]
      }
    ],
    "direction": "horizontal",
    "width": 300
  },
  "right": {
    "id": "465db44b818e8c8f",
    "type": "split",
    "children": [
      {
        "id": "513f7a9773b644eb",
        "type": "tabs",
        "children": [
          {
            "id": "375bfbd385e078c8",
            "type": "leaf",
            "state": {
              "type": "backlink",
              "state": {
                "file": "00 Projects/Essay Camp/Essay Camp Info.md",
                "collapseAll": false,
                "extraContext": false,
                "sortOrder": "alphabetical",
                "showSearch": false,
                "searchQuery": "",
                "backlinkCollapsed": false,
                "unlinkedCollapsed": true
              }
            }
          },
          {
            "id": "651dcf3621559c9e",
            "type": "leaf",
            "state": {
              "type": "outgoing-link",
              "state": {
                "file": "00 Projects/Essay Camp/Essay Camp Info.md",
                "linksCollapsed": false,
                "unlinkedCollapsed": true
              }
            }
          },
          {
            "id": "3a8f6fab2b719bf0",
            "type": "leaf",
            "state": {
              "type": "tag",
              "state": {
                "sortOrder": "frequency",
                "useHierarchy": true
              }
            }
          },
          {
            "id": "33b01bf4b490b018",
            "type": "leaf",
            "state": {
              "type": "outline",
              "state": {
                "file": "00 Projects/Essay Camp/Essay Camp Info.md"
              }
            }
          }
        ]
      }
    ],
    "direction": "horizontal",
    "width": 300
  },
  "left-ribbon": {
    "hiddenItems": {
      "switcher:Open quick switcher": false,
      "graph:Open graph view": false,
      "canvas:Create new canvas": false,
      "daily-notes:Open today's daily note": false,
      "templates:Insert template": false,
      "command-palette:Open command palette": false
    }
  },
  "active": "0c4e7c26f47f7d55",
  "lastOpenFiles": [
    "00 Projects/Essay Camp/Essay Camp Instructions.md",
    "00 Projects/Essay Camp/Essay Camp Info.md",
    "00 Projects/Essay Camp/Essays/Day 1, Nov 1, 2023.md",
    "00 Projects/Essay Camp/Essays/Day 5, Nov 5, 2023.md",
    "00 Projects/Essay Camp/Essays/Day 4, Nov 4, 2023.md",
    "00 Projects/Essay Camp/Essays/Day 3, Nov 3, 2023.md",
    "00 Projects/Essay Camp/Essays/Day 2, Nov 2, 2023.md",
    "00 Projects/Essay Camp/Prova.md",
    "00 Projects/Essay Camp/Notes",
    "00 Projects/Essay Camp/Essays",
    "extended-colorschemes.css",
    "00 Projects/Essay Camp",
    "00 Projects",
    "50 Attachments"
  ]
}